<?xml version="1.0" encoding="UTF-8"?>
<!DOCTYPE suite SYSTEM "http://testng.org/testng-1.0.dtd">
<suite name="Suite">
  <test name="Test">
    <classes>
      <class name="WalletHubFramework.FacebookLoginTest"/>
      <class name="WalletHubFramework.SignUpLightWithoutCreditScoreReportTest"/>
      <class name="WalletHubFramework.SignUpLightWithCreditScoreReportTest"/>
      <class name="WalletHubFramework.TestInsuranceCompanyTest"/>
    </classes>
  </test> <!-- Test -->
</suite> <!-- Suite -->
